{"session_minutes": 30, "mm_params": {"spread_bps": 8.418265587234103, "quote_size": 394, "inv_aversion": 1.5842169459994464, "skew_gain": 4.993853404541819, "cancel_thresh_bps": 13.571263071257613, "max_inventory": 1039}}