{"session_minutes": 30, "mm_params": {"spread_bps": 9.910580821485278, "quote_size": 234, "inv_aversion": 2.877167654287013, "skew_gain": 3.7644825286282138, "cancel_thresh_bps": 11.698943032748838, "max_inventory": 906}}