{"session_minutes": 30, "mm_params": {"spread_bps": 9.199696664445431, "quote_size": 499, "inv_aversion": 4.496025754886148, "skew_gain": 4.706046559748141, "cancel_thresh_bps": 12.093974167600201, "max_inventory": 1097}}