{"session_minutes": 30, "mm_params": {"spread_bps": 6.44971953478333, "quote_size": 448, "inv_aversion": 4.7607061412136735, "skew_gain": 4.973398836891625, "cancel_thresh_bps": 19.834291220322864, "max_inventory": 922}}