{"session_minutes": 30, "mm_params": {"spread_bps": 10.499378045641052, "quote_size": 372, "inv_aversion": 1.109253478777084, "skew_gain": 4.380552928052231, "cancel_thresh_bps": 15.225645862118109, "max_inventory": 1158}}