{"session_minutes": 30, "mm_params": {"spread_bps": 4.749180855032332, "quote_size": 82, "inv_aversion": 4.905596176666281, "skew_gain": 2.123706165855774, "cancel_thresh_bps": 10.927678629690185, "max_inventory": 876}}