{"session_minutes": 30, "mm_params": {"spread_bps": 8.072987941123548, "quote_size": 377, "inv_aversion": 1.5453974703704085, "skew_gain": 4.991836081482544, "cancel_thresh_bps": 9.119663149126897, "max_inventory": 896}}