{"session_minutes": 30, "mm_params": {"spread_bps": 7.294271118843457, "quote_size": 232, "inv_aversion": 2.284521698120492, "skew_gain": 4.952318951518383, "cancel_thresh_bps": 8.444333051959335, "max_inventory": 922}}