{"session_minutes": 30, "mm_params": {"spread_bps": 3.2469585209609235, "quote_size": 255, "inv_aversion": 2.961707266120556, "skew_gain": 3.872674457458868, "cancel_thresh_bps": 9.993450216970247, "max_inventory": 975}}