{"session_minutes": 30, "mm_params": {"spread_bps": 11.012450701258192, "quote_size": 262, "inv_aversion": 3.8570906485762233, "skew_gain": 4.6818071803819725, "cancel_thresh_bps": 13.24805138669128, "max_inventory": 953}}