{"session_minutes": 30, "mm_params": {"spread_bps": 1.2072106754445522, "quote_size": 352, "inv_aversion": 1.3681019334743731, "skew_gain": 3.53625184568115, "cancel_thresh_bps": 14.246044314267774, "max_inventory": 1026}}