{"session_minutes": 30, "mm_params": {"spread_bps": 6.4836727688876685, "quote_size": 471, "inv_aversion": 4.541568293418699, "skew_gain": 2.523702707773423, "cancel_thresh_bps": 11.908400908979624, "max_inventory": 1122}}