{"session_minutes": 30, "mm_params": {"spread_bps": 1.368146289466246, "quote_size": 211, "inv_aversion": 4.54729415328977, "skew_gain": 1.8209609966360973, "cancel_thresh_bps": 13.140569464510467, "max_inventory": 836}}