{"session_minutes": 30, "mm_params": {"spread_bps": 7.421985122931531, "quote_size": 83, "inv_aversion": 4.320855736771178, "skew_gain": 1.492653344805346, "cancel_thresh_bps": 4.736614552664578, "max_inventory": 1020}}