{"session_minutes": 30, "mm_params": {"spread_bps": 4.700831567696199, "quote_size": 214, "inv_aversion": 2.092416354534439, "skew_gain": 4.013673490015921, "cancel_thresh_bps": 6.639279767762359, "max_inventory": 1074}}