{"session_minutes": 30, "mm_params": {"spread_bps": 10.602840780190952, "quote_size": 128, "inv_aversion": 1.0649454943040975, "skew_gain": 2.5235458427178328, "cancel_thresh_bps": 3.733576666420447, "max_inventory": 1057}}