{"session_minutes": 30, "mm_params": {"spread_bps": 17.94174836743052, "quote_size": 291, "inv_aversion": 3.6985645673003322, "skew_gain": 4.6216802956434595, "cancel_thresh_bps": 15.210563449543123, "max_inventory": 922}}