{"session_minutes": 30, "mm_params": {"spread_bps": 11.081151584724848, "quote_size": 12, "inv_aversion": 2.13388018693748, "skew_gain": 3.095187619186244, "cancel_thresh_bps": 19.67509750151207, "max_inventory": 986}}