{"session_minutes": 30, "mm_params": {"spread_bps": 14.89146336463139, "quote_size": 366, "inv_aversion": 1.6153376563800044, "skew_gain": 2.1129764712335923, "cancel_thresh_bps": 19.15209150719098, "max_inventory": 935}}