{"session_minutes": 30, "mm_params": {"spread_bps": 10.27310175230364, "quote_size": 445, "inv_aversion": 1.7662418401495734, "skew_gain": 3.86983750729204, "cancel_thresh_bps": 11.051298098841752, "max_inventory": 1013}}