{"session_minutes": 30, "mm_params": {"spread_bps": 12.49112567845079, "quote_size": 369, "inv_aversion": 3.5398878085062755, "skew_gain": 4.999271243806595, "cancel_thresh_bps": 6.901138355124445, "max_inventory": 1018}}