{"session_minutes": 30, "mm_params": {"spread_bps": 17.484588783541525, "quote_size": 198, "inv_aversion": 2.0256997018650513, "skew_gain": 1.3680520563871548, "cancel_thresh_bps": 2.3483293598954065, "max_inventory": 873}}