{"session_minutes": 30, "mm_params": {"spread_bps": 5.542946331019113, "quote_size": 170, "inv_aversion": 4.302329284790696, "skew_gain": 1.1670593057261556, "cancel_thresh_bps": 16.858414176346805, "max_inventory": 995}}