{"session_minutes": 30, "mm_params": {"spread_bps": 5.676041928862796, "quote_size": 499, "inv_aversion": 2.5709355069609545, "skew_gain": 4.070904240403126, "cancel_thresh_bps": 15.30206636751123, "max_inventory": 982}}