{"session_minutes": 30, "mm_params": {"spread_bps": 4.364518424512328, "quote_size": 342, "inv_aversion": 4.529610897449967, "skew_gain": 4.481313371206167, "cancel_thresh_bps": 19.471352702976255, "max_inventory": 946}}