{"session_minutes": 30, "mm_params": {"spread_bps": 12.313182973249138, "quote_size": 346, "inv_aversion": 3.169384893775132, "skew_gain": 4.986344338558013, "cancel_thresh_bps": 16.06682173658097, "max_inventory": 992}}