{"session_minutes": 30, "mm_params": {"spread_bps": 7.0110399563929935, "quote_size": 333, "inv_aversion": 4.554967110182455, "skew_gain": 0.3945717388045119, "cancel_thresh_bps": 12.074802177960457, "max_inventory": 983}}