{"session_minutes": 30, "mm_params": {"spread_bps": 4.267502344490769, "quote_size": 165, "inv_aversion": 1.947307536071834, "skew_gain": 1.6769984214283742, "cancel_thresh_bps": 11.485971238228025, "max_inventory": 961}}