{"session_minutes": 30, "mm_params": {"spread_bps": 4.714287574007644, "quote_size": 390, "inv_aversion": 1.6973925678192128, "skew_gain": 2.6990042897190794, "cancel_thresh_bps": 15.97041120201323, "max_inventory": 1068}}