{"session_minutes": 30, "mm_params": {"spread_bps": 15.082018350793293, "quote_size": 140, "inv_aversion": 0.5969075888959134, "skew_gain": 4.739403570227147, "cancel_thresh_bps": 7.660131753885377, "max_inventory": 993}}