{"session_minutes": 30, "mm_params": {"spread_bps": 9.60708406512354, "quote_size": 156, "inv_aversion": 0.12979814303639625, "skew_gain": 2.2166643358796376, "cancel_thresh_bps": 8.800077089057876, "max_inventory": 979}}