{"session_minutes": 30, "mm_params": {"spread_bps": 9.306444712572299, "quote_size": 219, "inv_aversion": 4.991688897648847, "skew_gain": 4.2718658931952485, "cancel_thresh_bps": 6.982608639076665, "max_inventory": 1021}}