{"session_minutes": 30, "mm_params": {"spread_bps": 6.232273328861686, "quote_size": 260, "inv_aversion": 3.226350332265218, "skew_gain": 3.819911189612295, "cancel_thresh_bps": 17.75176175880521, "max_inventory": 954}}