{"session_minutes": 30, "mm_params": {"spread_bps": 10.900744890200016, "quote_size": 161, "inv_aversion": 3.425105112665041, "skew_gain": 4.985756631374191, "cancel_thresh_bps": 8.255968365294263, "max_inventory": 956}}