{"session_minutes": 30, "mm_params": {"spread_bps": 8.868593395855804, "quote_size": 285, "inv_aversion": 1.8324271761607418, "skew_gain": 4.919789129377677, "cancel_thresh_bps": 10.734157032285848, "max_inventory": 990}}