{"session_minutes": 30, "mm_params": {"spread_bps": 7.46522982697983, "quote_size": 232, "inv_aversion": 0.65610837665662, "skew_gain": 0.5063222931988822, "cancel_thresh_bps": 15.645996875163256, "max_inventory": 1215}}