{"session_minutes": 30, "mm_params": {"spread_bps": 4.511873642143823, "quote_size": 387, "inv_aversion": 0.35623142941369645, "skew_gain": 2.394246282018992, "cancel_thresh_bps": 5.70131468610671, "max_inventory": 904}}