{"session_minutes": 30, "mm_params": {"spread_bps": 3.1687204258539214, "quote_size": 303, "inv_aversion": 2.7412869448019754, "skew_gain": 3.3861969971587946, "cancel_thresh_bps": 19.578658687309538, "max_inventory": 1130}}