{"session_minutes": 30, "mm_params": {"spread_bps": 13.733944085291636, "quote_size": 328, "inv_aversion": 2.3404303579992356, "skew_gain": 1.2943254115127147, "cancel_thresh_bps": 5.675728608999391, "max_inventory": 888}}