{"session_minutes": 30, "mm_params": {"spread_bps": 10.899239481881118, "quote_size": 110, "inv_aversion": 3.423430781438478, "skew_gain": 2.415606587454054, "cancel_thresh_bps": 11.746957933424858, "max_inventory": 930}}