{"session_minutes": 30, "mm_params": {"spread_bps": 8.544076510679904, "quote_size": 314, "inv_aversion": 4.397316538498291, "skew_gain": 3.6234730491943097, "cancel_thresh_bps": 19.752947165751287, "max_inventory": 904}}