{"session_minutes": 3, "mm_params": {"spread_bps": 19.937919584641197, "quote_size": 348, "inv_aversion": 1.7175426901084134, "skew_gain": 3.404266739309941, "cancel_thresh_bps": 7.565021278854406, "max_inventory": 993}, "thin_agents": {"ValueAgent": 8, "NoiseAgent": 8, "MomentumAgent": 2}, "disable_booklog": true}