{"session_minutes": 30, "mm_params": {"spread_bps": 12.550210251657424, "quote_size": 77, "inv_aversion": 4.442864403843373, "skew_gain": 4.178600193708709, "cancel_thresh_bps": 13.088514530925808, "max_inventory": 881}}