{"session_minutes": 30, "mm_params": {"spread_bps": 11.82280276836345, "quote_size": 16, "inv_aversion": 0.2863565851692824, "skew_gain": 2.8281020597818727, "cancel_thresh_bps": 15.176955006637598, "max_inventory": 1070}}