{"session_minutes": 30, "mm_params": {"spread_bps": 1.8897412529902158, "quote_size": 289, "inv_aversion": 3.354782168027648, "skew_gain": 4.221175356879674, "cancel_thresh_bps": 10.5418837272387, "max_inventory": 970}}