{"session_minutes": 30, "mm_params": {"spread_bps": 6.007462119150933, "quote_size": 371, "inv_aversion": 4.390718088391054, "skew_gain": 4.647417112830631, "cancel_thresh_bps": 19.010799415284218, "max_inventory": 781}}