{"session_minutes": 30, "mm_params": {"spread_bps": 8.179802840986971, "quote_size": 140, "inv_aversion": 2.7029146397162935, "skew_gain": 3.9653136165469576, "cancel_thresh_bps": 7.7247759828586915, "max_inventory": 964}}