{"session_minutes": 30, "mm_params": {"spread_bps": 4.547805570346951, "quote_size": 261, "inv_aversion": 3.197332122499392, "skew_gain": 3.05789628401203, "cancel_thresh_bps": 5.093779309560561, "max_inventory": 963}}