{"session_minutes": 30, "mm_params": {"spread_bps": 10.72381979872526, "quote_size": 309, "inv_aversion": 2.4333202121689563, "skew_gain": 3.55860624118513, "cancel_thresh_bps": 9.37928835704612, "max_inventory": 894}}