{"session_minutes": 30, "mm_params": {"spread_bps": 5.68127217868384, "quote_size": 309, "inv_aversion": 2.6110042750498668, "skew_gain": 4.003963863537738, "cancel_thresh_bps": 2.965261618410362, "max_inventory": 754}}