{"session_minutes": 30, "mm_params": {"spread_bps": 7.917924138851108, "quote_size": 271, "inv_aversion": 4.135256648430656, "skew_gain": 3.6154842796324402, "cancel_thresh_bps": 15.715211116754366, "max_inventory": 926}}