{"session_minutes": 30, "mm_params": {"spread_bps": 1.80848425053102, "quote_size": 324, "inv_aversion": 2.2532542055583886, "skew_gain": 3.1811672803940048, "cancel_thresh_bps": 3.3936607719251803, "max_inventory": 998}}