{"session_minutes": 30, "mm_params": {"spread_bps": 10.507825327331465, "quote_size": 274, "inv_aversion": 4.283249156399203, "skew_gain": 2.2346923626419155, "cancel_thresh_bps": 19.76528287266974, "max_inventory": 1091}}