{"session_minutes": 30, "mm_params": {"spread_bps": 2.1136606986213415, "quote_size": 164, "inv_aversion": 0.43718821924509, "skew_gain": 4.716901583765859, "cancel_thresh_bps": 11.636457511098218, "max_inventory": 1110}}