{"session_minutes": 30, "mm_params": {"spread_bps": 7.339788033812448, "quote_size": 258, "inv_aversion": 4.435034068492515, "skew_gain": 4.562832553653393, "cancel_thresh_bps": 15.704332226403418, "max_inventory": 926}}