{"session_minutes": 30, "mm_params": {"spread_bps": 2.5194353855668643, "quote_size": 294, "inv_aversion": 2.989503429033117, "skew_gain": 4.467518344430323, "cancel_thresh_bps": 15.781114946398757, "max_inventory": 1013}}