{"session_minutes": 30, "mm_params": {"spread_bps": 11.467839704039754, "quote_size": 215, "inv_aversion": 2.773575743898316, "skew_gain": 4.9040271455178726, "cancel_thresh_bps": 12.396643938804134, "max_inventory": 941}}