{"session_minutes": 30, "mm_params": {"spread_bps": 1.8011441546497595, "quote_size": 409, "inv_aversion": 1.1196761088857037, "skew_gain": 4.425206244555226, "cancel_thresh_bps": 12.199364802570678, "max_inventory": 997}}