{"session_minutes": 30, "mm_params": {"spread_bps": 4.617010284560601, "quote_size": 382, "inv_aversion": 2.6050619169411915, "skew_gain": 3.940932305412897, "cancel_thresh_bps": 16.951067134689914, "max_inventory": 994}}