{"session_minutes": 30, "mm_params": {"spread_bps": 8.727187973620001, "quote_size": 228, "inv_aversion": 1.727093050179659, "skew_gain": 3.5713203007587997, "cancel_thresh_bps": 19.954442792780636, "max_inventory": 819}}