{"session_minutes": 30, "mm_params": {"spread_bps": 13.52562860095318, "quote_size": 113, "inv_aversion": 4.730576887060954, "skew_gain": 1.4917639594802963, "cancel_thresh_bps": 13.349706765576885, "max_inventory": 1079}}