{"session_minutes": 30, "mm_params": {"spread_bps": 3.612840165322555, "quote_size": 198, "inv_aversion": 3.143281551761966, "skew_gain": 3.5417836072020927, "cancel_thresh_bps": 5.278187044599291, "max_inventory": 841}}