{"session_minutes": 30, "mm_params": {"spread_bps": 7.515812723482548, "quote_size": 229, "inv_aversion": 3.4524187978530145, "skew_gain": 4.277408987042254, "cancel_thresh_bps": 11.988150917720224, "max_inventory": 1026}}