{"session_minutes": 30, "mm_params": {"spread_bps": 18.163856642531208, "quote_size": 10, "inv_aversion": 1.43961689468755, "skew_gain": 3.4478917506060083, "cancel_thresh_bps": 4.492586241081002, "max_inventory": 1047}}