{"session_minutes": 30, "mm_params": {"spread_bps": 10.676436471960454, "quote_size": 254, "inv_aversion": 2.984135795208554, "skew_gain": 1.468922777508305, "cancel_thresh_bps": 4.556659493746309, "max_inventory": 1127}}