{"session_minutes": 30, "mm_params": {"spread_bps": 7.407413778067411, "quote_size": 134, "inv_aversion": 0.37744064377792264, "skew_gain": 3.2789784890736495, "cancel_thresh_bps": 11.207250545884074, "max_inventory": 1019}}