{"session_minutes": 30, "mm_params": {"spread_bps": 5.421576533900085, "quote_size": 429, "inv_aversion": 0.009366057211440872, "skew_gain": 4.139653309770147, "cancel_thresh_bps": 14.732385198214448, "max_inventory": 1001}}