{"session_minutes": 30, "mm_params": {"spread_bps": 8.169638591506295, "quote_size": 239, "inv_aversion": 0.10795976267255192, "skew_gain": 2.7089718131244895, "cancel_thresh_bps": 13.397761590063213, "max_inventory": 1014}}