{"session_minutes": 30, "mm_params": {"spread_bps": 10.446556595187902, "quote_size": 83, "inv_aversion": 0.31238396637209154, "skew_gain": 2.5587340511944507, "cancel_thresh_bps": 1.4803259853231459, "max_inventory": 1066}}