{"session_minutes": 30, "mm_params": {"spread_bps": 6.689191455880486, "quote_size": 480, "inv_aversion": 2.4775046254367767, "skew_gain": 0.7371484517401661, "cancel_thresh_bps": 15.709451109986864, "max_inventory": 901}}