{"session_minutes": 30, "mm_params": {"spread_bps": 19.9936713793123, "quote_size": 488, "inv_aversion": 4.373259906673008, "skew_gain": 3.061708422777417, "cancel_thresh_bps": 17.10863703786406, "max_inventory": 1013}}