{"session_minutes": 30, "mm_params": {"spread_bps": 5.754786791269577, "quote_size": 349, "inv_aversion": 3.688408110961425, "skew_gain": 2.3946565591826623, "cancel_thresh_bps": 18.500398673419326, "max_inventory": 949}}