{"session_minutes": 30, "mm_params": {"spread_bps": 7.977006225946132, "quote_size": 72, "inv_aversion": 0.5723436652096963, "skew_gain": 3.855043270288311, "cancel_thresh_bps": 5.039498317891788, "max_inventory": 1044}}