{"session_minutes": 30, "mm_params": {"spread_bps": 8.666650399826167, "quote_size": 359, "inv_aversion": 3.0458472002923, "skew_gain": 3.6556775120772165, "cancel_thresh_bps": 9.675537963186024, "max_inventory": 1041}}