{"session_minutes": 30, "mm_params": {"spread_bps": 7.420654486284624, "quote_size": 264, "inv_aversion": 4.707048644633707, "skew_gain": 4.999928824626727, "cancel_thresh_bps": 16.277993812373968, "max_inventory": 1024}}