{"session_minutes": 30, "mm_params": {"spread_bps": 3.8821037875929703, "quote_size": 25, "inv_aversion": 0.4373302490841471, "skew_gain": 4.101949325329876, "cancel_thresh_bps": 3.7630592985691944, "max_inventory": 1060}}