{"session_minutes": 30, "mm_params": {"spread_bps": 15.432173990577134, "quote_size": 231, "inv_aversion": 3.5132487721187866, "skew_gain": 3.0543459546823595, "cancel_thresh_bps": 15.369030440754031, "max_inventory": 982}}