{"session_minutes": 30, "mm_params": {"spread_bps": 5.379540515009813, "quote_size": 193, "inv_aversion": 4.025670196170124, "skew_gain": 3.047918516099474, "cancel_thresh_bps": 7.144852042808754, "max_inventory": 1112}}