{"session_minutes": 30, "mm_params": {"spread_bps": 11.52090724604872, "quote_size": 97, "inv_aversion": 2.6928761410275808, "skew_gain": 3.618463215055585, "cancel_thresh_bps": 10.932896222727415, "max_inventory": 964}}