{"session_minutes": 30, "mm_params": {"spread_bps": 13.01460196336611, "quote_size": 399, "inv_aversion": 3.2407373866384943, "skew_gain": 4.784846054722574, "cancel_thresh_bps": 12.734126059168867, "max_inventory": 1086}}