{"session_minutes": 30, "mm_params": {"spread_bps": 7.052242744673844, "quote_size": 268, "inv_aversion": 0.5816773709628289, "skew_gain": 3.1261633639094533, "cancel_thresh_bps": 6.695954963847568, "max_inventory": 1014}}