{"session_minutes": 30, "mm_params": {"spread_bps": 8.915450183404126, "quote_size": 435, "inv_aversion": 3.8929279613824277, "skew_gain": 4.831144386171688, "cancel_thresh_bps": 15.51317305008229, "max_inventory": 947}}