{"session_minutes": 30, "mm_params": {"spread_bps": 15.464779668227852, "quote_size": 206, "inv_aversion": 2.6636069684926458, "skew_gain": 4.999213789864921, "cancel_thresh_bps": 1.8295784032996423, "max_inventory": 1036}}