{"session_minutes": 30, "mm_params": {"spread_bps": 15.63666789508522, "quote_size": 43, "inv_aversion": 1.9068538309512593, "skew_gain": 0.600006021780151, "cancel_thresh_bps": 10.976860131412666, "max_inventory": 1054}}