{"session_minutes": 30, "mm_params": {"spread_bps": 4.938295294111513, "quote_size": 235, "inv_aversion": 3.1193206786728136, "skew_gain": 4.9055586142997605, "cancel_thresh_bps": 5.585637708674033, "max_inventory": 941}}