{"session_minutes": 30, "mm_params": {"spread_bps": 5.054707414356201, "quote_size": 284, "inv_aversion": 1.2231483339266807, "skew_gain": 1.3220045420532238, "cancel_thresh_bps": 8.03110344069745, "max_inventory": 1105}}