{"session_minutes": 30, "mm_params": {"spread_bps": 5.610482440091059, "quote_size": 187, "inv_aversion": 1.2053255819425848, "skew_gain": 4.553557679268002, "cancel_thresh_bps": 12.110841571008518, "max_inventory": 984}}