{"session_minutes": 30, "mm_params": {"spread_bps": 1.102027420400204, "quote_size": 310, "inv_aversion": 0.9534093499318785, "skew_gain": 3.4811770701321842, "cancel_thresh_bps": 5.7278193067787395, "max_inventory": 1025}}