{"session_minutes": 30, "mm_params": {"spread_bps": 12.676249167266922, "quote_size": 40, "inv_aversion": 3.040139948991325, "skew_gain": 1.858196199306139, "cancel_thresh_bps": 6.212827331395595, "max_inventory": 1124}}