{"session_minutes": 30, "mm_params": {"spread_bps": 1.391618135381803, "quote_size": 281, "inv_aversion": 1.3973051147622206, "skew_gain": 0.4232298896489143, "cancel_thresh_bps": 14.806390937795445, "max_inventory": 1016}}