{"session_minutes": 30, "mm_params": {"spread_bps": 11.114824479204255, "quote_size": 373, "inv_aversion": 1.329911510204413, "skew_gain": 1.953896422337053, "cancel_thresh_bps": 8.016648363496335, "max_inventory": 871}}