{"session_minutes": 30, "mm_params": {"spread_bps": 7.140052496401883, "quote_size": 238, "inv_aversion": 1.9142242653551724, "skew_gain": 4.105021967980025, "cancel_thresh_bps": 9.906450131089098, "max_inventory": 990}}