{"session_minutes": 30, "mm_params": {"spread_bps": 1.9571671597346736, "quote_size": 164, "inv_aversion": 2.2309221640283448, "skew_gain": 3.83149436884179, "cancel_thresh_bps": 9.706319861380065, "max_inventory": 982}}