{"session_minutes": 30, "mm_params": {"spread_bps": 4.659188978489048, "quote_size": 152, "inv_aversion": 0.9916230353194466, "skew_gain": 3.611528476317722, "cancel_thresh_bps": 12.350018021114304, "max_inventory": 1040}}