{"session_minutes": 30, "mm_params": {"spread_bps": 14.44291594181692, "quote_size": 321, "inv_aversion": 3.3772486274159847, "skew_gain": 4.999965648783457, "cancel_thresh_bps": 9.410641997126334, "max_inventory": 1149}}