{"session_minutes": 30, "mm_params": {"spread_bps": 10.043935896657885, "quote_size": 377, "inv_aversion": 3.1027267084127237, "skew_gain": 1.4248004089914597, "cancel_thresh_bps": 12.788838834886622, "max_inventory": 1237}}