{"session_minutes": 30, "mm_params": {"spread_bps": 13.81379555117389, "quote_size": 215, "inv_aversion": 1.2874101173360373, "skew_gain": 4.563539483768214, "cancel_thresh_bps": 14.657059806865472, "max_inventory": 1018}}