{"session_minutes": 30, "mm_params": {"spread_bps": 6.7847682939136895, "quote_size": 254, "inv_aversion": 1.5459831967734972, "skew_gain": 4.24787947907512, "cancel_thresh_bps": 15.2689395056953, "max_inventory": 1019}}