{"session_minutes": 30, "mm_params": {"spread_bps": 2.974963703139224, "quote_size": 207, "inv_aversion": 2.3706746400258476, "skew_gain": 2.8594284272142025, "cancel_thresh_bps": 11.64261756005005, "max_inventory": 1059}}