{"session_minutes": 30, "mm_params": {"spread_bps": 17.029663642474354, "quote_size": 368, "inv_aversion": 1.1013041279622693, "skew_gain": 1.9846460402479758, "cancel_thresh_bps": 12.598001732222572, "max_inventory": 1168}}