{"session_minutes": 30, "mm_params": {"spread_bps": 13.668472266940968, "quote_size": 438, "inv_aversion": 3.443659283816407, "skew_gain": 2.435714908498533, "cancel_thresh_bps": 8.418279101405652, "max_inventory": 918}}