{"session_minutes": 30, "mm_params": {"spread_bps": 15.308588684675527, "quote_size": 187, "inv_aversion": 2.891409031256266, "skew_gain": 4.011838321061615, "cancel_thresh_bps": 4.251936498280522, "max_inventory": 971}}