{"session_minutes": 30, "mm_params": {"spread_bps": 9.45967031977328, "quote_size": 308, "inv_aversion": 4.345239923280368, "skew_gain": 2.749349796867616, "cancel_thresh_bps": 19.62895441592713, "max_inventory": 1153}}