{"session_minutes": 30, "mm_params": {"spread_bps": 7.629511115825013, "quote_size": 271, "inv_aversion": 0.34972748219349326, "skew_gain": 4.993794789916889, "cancel_thresh_bps": 19.79972131087179, "max_inventory": 890}}