{"session_minutes": 30, "mm_params": {"spread_bps": 8.700069857846541, "quote_size": 133, "inv_aversion": 0.03252907253240386, "skew_gain": 3.651888922309224, "cancel_thresh_bps": 12.287616154443455, "max_inventory": 993}}