{"session_minutes": 30, "mm_params": {"spread_bps": 4.5231586013643215, "quote_size": 219, "inv_aversion": 1.8352694683832436, "skew_gain": 3.5369633215960543, "cancel_thresh_bps": 13.433812117802187, "max_inventory": 941}}