{"session_minutes": 30, "mm_params": {"spread_bps": 8.745765237703022, "quote_size": 346, "inv_aversion": 2.3507223174852907, "skew_gain": 3.3760021783810794, "cancel_thresh_bps": 15.81379713242627, "max_inventory": 1043}}