{"session_minutes": 30, "mm_params": {"spread_bps": 11.776421018517594, "quote_size": 470, "inv_aversion": 2.813663895200997, "skew_gain": 4.8717479266244625, "cancel_thresh_bps": 10.253431982992236, "max_inventory": 1017}}