{"session_minutes": 30, "mm_params": {"spread_bps": 11.914082772415341, "quote_size": 261, "inv_aversion": 2.209684244205874, "skew_gain": 4.831525749917596, "cancel_thresh_bps": 10.40477395583471, "max_inventory": 1094}}