{"session_minutes": 30, "mm_params": {"spread_bps": 11.830065372641483, "quote_size": 162, "inv_aversion": 2.527855911196299, "skew_gain": 2.1979889106351145, "cancel_thresh_bps": 11.085314507684453, "max_inventory": 1054}}