{"session_minutes": 30, "mm_params": {"spread_bps": 6.547426546679685, "quote_size": 309, "inv_aversion": 3.487436857208541, "skew_gain": 4.022376213369336, "cancel_thresh_bps": 11.401230507511794, "max_inventory": 914}}