{"session_minutes": 30, "mm_params": {"spread_bps": 10.806550829325396, "quote_size": 119, "inv_aversion": 3.6213519730157526, "skew_gain": 4.897596467876092, "cancel_thresh_bps": 19.904383896101617, "max_inventory": 927}}