{"session_minutes": 30, "mm_params": {"spread_bps": 8.64164403022243, "quote_size": 163, "inv_aversion": 0.8052544978232328, "skew_gain": 4.971771143915638, "cancel_thresh_bps": 12.664756008695024, "max_inventory": 1060}}