{"session_minutes": 30, "mm_params": {"spread_bps": 8.31258125407871, "quote_size": 158, "inv_aversion": 1.937200382600075, "skew_gain": 3.9329080427287524, "cancel_thresh_bps": 11.400345390334046, "max_inventory": 918}}