{"session_minutes": 30, "mm_params": {"spread_bps": 2.680476258608454, "quote_size": 406, "inv_aversion": 1.375260632500777, "skew_gain": 4.984875422914189, "cancel_thresh_bps": 4.025281314899722, "max_inventory": 1119}}