{"session_minutes": 30, "mm_params": {"spread_bps": 10.190431631557427, "quote_size": 391, "inv_aversion": 1.7844287467026765, "skew_gain": 4.151719525096026, "cancel_thresh_bps": 12.089831021623061, "max_inventory": 1033}}