{"session_minutes": 30, "mm_params": {"spread_bps": 5.334743340400454, "quote_size": 440, "inv_aversion": 4.0918634590110585, "skew_gain": 3.6429631654039882, "cancel_thresh_bps": 12.1763561489736, "max_inventory": 1062}}