{"session_minutes": 30, "mm_params": {"spread_bps": 19.91233516334116, "quote_size": 256, "inv_aversion": 0.979208361549913, "skew_gain": 2.1169357980685684, "cancel_thresh_bps": 9.253957423975356, "max_inventory": 957}}