{"session_minutes": 30, "mm_params": {"spread_bps": 4.40117339527149, "quote_size": 260, "inv_aversion": 2.4599288478145684, "skew_gain": 4.998899881576257, "cancel_thresh_bps": 10.991599277884932, "max_inventory": 966}}