{"session_minutes": 30, "mm_params": {"spread_bps": 3.12948199669808, "quote_size": 306, "inv_aversion": 1.500090071800244, "skew_gain": 4.03862356456507, "cancel_thresh_bps": 10.384976065056918, "max_inventory": 875}}