{"session_minutes": 30, "mm_params": {"spread_bps": 7.441070531905816, "quote_size": 331, "inv_aversion": 2.881950969158715, "skew_gain": 4.821399052894932, "cancel_thresh_bps": 11.874046651056137, "max_inventory": 985}}