{"session_minutes": 30, "mm_params": {"spread_bps": 1.1503471491654564, "quote_size": 415, "inv_aversion": 3.273154716645368, "skew_gain": 3.8123448214227635, "cancel_thresh_bps": 13.018785827007262, "max_inventory": 898}}