{"session_minutes": 30, "mm_params": {"spread_bps": 3.490302294767069, "quote_size": 373, "inv_aversion": 2.7919817443208115, "skew_gain": 4.898244987906708, "cancel_thresh_bps": 19.728190990689395, "max_inventory": 980}}