{"session_minutes": 30, "mm_params": {"spread_bps": 4.003538554822745, "quote_size": 383, "inv_aversion": 0.4334817033411267, "skew_gain": 4.364549307882232, "cancel_thresh_bps": 19.627035801270907, "max_inventory": 1107}}