{"session_minutes": 30, "mm_params": {"spread_bps": 9.76756087820781, "quote_size": 218, "inv_aversion": 0.036805353829600936, "skew_gain": 1.3002596526754857, "cancel_thresh_bps": 7.582621117254679, "max_inventory": 1178}}