{"session_minutes": 30, "mm_params": {"spread_bps": 4.187155336926933, "quote_size": 206, "inv_aversion": 3.643586744187753, "skew_gain": 4.9999631036987155, "cancel_thresh_bps": 10.101337829766717, "max_inventory": 941}}